<?xml version="1.0" encoding="UTF-8"?>
<project-private xmlns="http://www.netbeans.org/ns/project-private/1">
    <editor-bookmarks xmlns="http://www.netbeans.org/ns/editor-bookmarks/2" lastBookmarkId="0"/>
    <open-files xmlns="http://www.netbeans.org/ns/projectui-open-files/2">
        <group>
            <file>file:/D:/lady/JavaDisplay/src/Desplegar/estructura/SegmentarPuntos.java</file>
            <file>file:/D:/lady/JavaDisplay/src/Desplegar/estructura/EstructuraDigito.java</file>
            <file>file:/D:/lady/JavaDisplay/src/Desplegar/estructura/Matriz.java</file>
            <file>file:/D:/lady/JavaDisplay/src/Desplegar/formarObjeto/ConstruirDigitoLCD.java</file>
            <file>file:/D:/lady/JavaDisplay/src/Desplegar/formarObjeto/ContruirLCD.java</file>
            <file>file:/D:/lady/JavaDisplay/src/Desplegar/Principal.java</file>
            <file>file:/D:/lady/JavaDisplay/src/Desplegar/formarObjeto/FormarDigito.java</file>
            <file>file:/D:/lady/JavaDisplay/src/Desplegar/estructura/DisplayDigito.java</file>
        </group>
    </open-files>
</project-private>
